instance,mechanism,realized_value,revenue,usable_entrant_access,late_jobs,wasted_ms
0,generic,40,5.0,1,2,200
0,edf,45,0.0,2,0,0
0,feasible,45,10.0,2,0,0
0,credit,45,7.0,2,0,0
1,generic,0,0,0,6,600
1,edf,31,0.0,1,0,0
1,feasible,31,0.0,1,0,0
1,credit,31,0.0,1,0,0
2,generic,0,38.0,0,4,600
2,edf,31,0.0,1,0,0
2,feasible,31,6.0,1,0,0
2,credit,31,9.0,1,0,0
3,generic,14,4.0,0,2,250
3,edf,27,0.0,2,0,0
3,feasible,33,12.0,1,0,0
3,credit,31,10.0,2,0,0
4,generic,20,0,0,5,400
4,edf,54,0.0,1,0,0
4,feasible,54,0.0,1,0,0
4,credit,54,0.0,1,0,0
5,generic,33,4.0,1,2,300
5,edf,36,0.0,2,0,0
5,feasible,36,0.0,2,0,0
5,credit,36,0.0,2,0,0
6,generic,7,20.0,0,3,500
6,edf,30,0.0,0,0,0
6,feasible,30,2.0,0,0,0
6,credit,30,2.0,0,0,0
7,generic,0,5.0,0,5,550
7,edf,18,0.0,0,0,0
7,feasible,30,7.0,1,0,0
7,credit,30,4.0,1,0,0
8,generic,60,17.0,2,0,0
8,edf,60,0.0,2,0,0
8,feasible,60,0.0,2,0,0
8,credit,60,0.0,2,0,0
9,generic,51,12.0,2,0,0
9,edf,39,0.0,1,0,0
9,feasible,51,4.0,2,0,0
9,credit,51,2.0,2,0,0
10,generic,10,8.0,1,3,400
10,edf,24,0.0,1,0,0
10,feasible,25,12.0,0,0,0
10,credit,24,13.0,1,0,0
11,generic,43,16.0,2,0,0
11,edf,34,0.0,1,0,0
11,feasible,43,16.0,2,0,0
11,credit,43,10.0,2,0,0
12,generic,20,12.0,0,3,500
12,edf,31,0.0,1,0,0
12,feasible,35,17.0,1,0,0
12,credit,35,17.0,1,0,0
13,generic,13,15.0,1,3,300
13,edf,16,0.0,2,0,0
13,feasible,46,0.0,1,0,0
13,credit,46,6.0,1,0,0
14,generic,19,12.0,0,4,550
14,edf,39,0.0,1,0,0
14,feasible,53,13.0,0,0,0
14,credit,53,22.0,0,0,0
15,generic,0,16.0,0,4,600
15,edf,23,0.0,0,0,0
15,feasible,23,2.0,0,0,0
15,credit,23,5.0,0,0,0
16,generic,0,2.0,0,5,550
16,edf,38,0.0,1,0,0
16,feasible,38,0.0,1,0,0
16,credit,38,0.0,1,0,0
17,generic,45,42.0,0,1,200
17,edf,45,0.0,0,0,0
17,feasible,51,22.0,1,0,0
17,credit,51,23.0,1,0,0
18,generic,61,0,1,1,50
18,edf,61,0.0,1,0,0
18,feasible,61,3.0,1,0,0
18,credit,61,6.0,1,0,0
19,generic,84,0,2,0,0
19,edf,84,0.0,2,0,0
19,feasible,84,0,2,0,0
19,credit,84,0,2,0,0
20,generic,0,4.0,0,5,600
20,edf,46,0.0,2,0,0
20,feasible,46,0.0,2,0,0
20,credit,46,0.0,2,0,0
21,generic,15,18.0,0,4,500
21,edf,49,0.0,1,0,0
21,feasible,49,26.0,1,0,0
21,credit,49,26.0,1,0,0
22,generic,5,1.0,0,4,500
22,edf,32,0.0,1,0,0
22,feasible,36,10.0,2,0,0
22,credit,36,7.0,2,0,0
23,generic,31,18.0,1,1,200
23,edf,25,0.0,0,0,0
23,feasible,39,25.0,2,0,0
23,credit,39,19.0,2,0,0
24,generic,11,5.0,0,3,400
24,edf,21,0.0,0,0,0
24,feasible,32,2.0,1,0,0
24,credit,32,1.0,1,0,0
25,generic,9,0,0,5,400
25,edf,60,0.0,2,0,0
25,feasible,60,0.0,2,0,0
25,credit,60,0.0,2,0,0
26,generic,16,6.0,0,3,450
26,edf,21,0.0,1,0,0
26,feasible,42,32.0,1,0,0
26,credit,42,29.0,1,0,0
27,generic,73,56.0,2,0,0
27,edf,73,0.0,2,0,0
27,feasible,73,11.0,2,0,0
27,credit,73,8.0,2,0,0
28,generic,49,32.0,1,0,0
28,edf,49,0.0,1,0,0
28,feasible,49,8.0,1,0,0
28,credit,49,8.0,1,0,0
29,generic,36,16.0,0,3,400
29,edf,48,0.0,0,0,0
29,feasible,55,24.0,1,0,0
29,credit,55,21.0,1,0,0
30,generic,26,0,1,3,250
30,edf,54,0.0,2,0,0
30,feasible,54,1.0,2,0,0
30,credit,54,1.0,2,0,0
31,generic,19,0,0,5,550
31,edf,50,0.0,2,0,0
31,feasible,50,0.0,2,0,0
31,credit,50,0.0,2,0,0
32,generic,0,26.0,0,4,550
32,edf,27,0.0,0,0,0
32,feasible,27,0.0,0,0,0
32,credit,27,0.0,0,0,0
33,generic,18,12.0,0,3,450
33,edf,32,0.0,1,0,0
33,feasible,47,34.0,0,0,0
33,credit,47,40.0,0,0,0
34,generic,35,0,1,3,250
34,edf,41,0.0,1,0,0
34,feasible,47,20.0,1,0,0
34,credit,47,17.0,1,0,0
35,generic,32,0,0,3,300
35,edf,34,0.0,1,0,0
35,feasible,50,18.0,1,0,0
35,credit,50,21.0,1,0,0
36,generic,19,15.0,1,3,400
36,edf,27,0.0,2,0,0
36,feasible,37,6.0,1,0,0
36,credit,37,9.0,1,0,0
37,generic,24,0,2,2,350
37,edf,24,0.0,2,0,0
37,feasible,41,24.0,2,0,0
37,credit,41,15.0,2,0,0
38,generic,31,0,0,4,400
38,edf,60,0.0,2,0,0
38,feasible,60,0.0,2,0,0
38,credit,60,0.0,2,0,0
39,generic,55,0,2,0,0
39,edf,55,0.0,2,0,0
39,feasible,55,0,2,0,0
39,credit,55,0,2,0,0
40,generic,0,30.0,0,3,550
40,edf,23,0.0,0,0,0
40,feasible,29,4.0,0,0,0
40,credit,29,4.0,0,0,0
41,generic,44,18.0,1,1,200
41,edf,44,0.0,0,0,0
41,feasible,57,11.0,1,0,0
41,credit,57,12.0,1,0,0
42,generic,15,41.0,0,2,400
42,edf,15,0.0,0,0,0
42,feasible,30,17.0,0,0,0
42,credit,30,23.0,0,0,0
43,generic,20,11.0,1,2,250
43,edf,25,0.0,2,0,0
43,feasible,25,0.0,2,0,0
43,credit,25,0.0,2,0,0
44,generic,0,15.0,0,4,550
44,edf,12,0.0,1,0,0
44,feasible,20,6.0,1,0,0
44,credit,20,6.0,1,0,0
45,generic,74,3.0,2,0,0
45,edf,74,0.0,2,0,0
45,feasible,74,0.0,2,0,0
45,credit,74,0.0,2,0,0
46,generic,8,10.0,1,3,550
46,edf,22,0.0,1,0,0
46,feasible,35,16.0,0,0,0
46,credit,35,19.0,0,0,0
47,generic,19,6.0,1,4,500
47,edf,35,0.0,2,0,0
47,feasible,35,0.0,2,0,0
47,credit,35,0.0,2,0,0
48,generic,22,8.0,0,3,300
48,edf,30,0.0,1,0,0
48,feasible,30,0.0,1,0,0
48,credit,30,0.0,1,0,0
49,generic,24,3.0,0,2,400
49,edf,31,0.0,1,0,0
49,feasible,31,6.0,1,0,0
49,credit,31,6.0,1,0,0
50,generic,16,0,0,4,500
50,edf,34,0.0,2,0,0
50,feasible,43,21.0,2,0,0
50,credit,43,18.0,2,0,0
51,generic,52,0,2,0,0
51,edf,52,0.0,2,0,0
51,feasible,52,0,2,0,0
51,credit,52,0,2,0,0
52,generic,0,7.0,0,5,600
52,edf,28,0.0,1,0,0
52,feasible,28,0.0,1,0,0
52,credit,28,0.0,1,0,0
53,generic,0,2.0,0,5,600
53,edf,47,0.0,1,0,0
53,feasible,47,0.0,1,0,0
53,credit,47,0.0,1,0,0
54,generic,38,27.0,1,2,300
54,edf,40,0.0,1,0,0
54,feasible,40,10.0,1,0,0
54,credit,40,10.0,1,0,0
55,generic,20,1.0,0,3,400
55,edf,41,0.0,1,0,0
55,feasible,41,26.0,1,0,0
55,credit,41,22.0,1,0,0
56,generic,15,16.0,0,3,450
56,edf,31,0.0,1,0,0
56,feasible,44,5.0,1,0,0
56,credit,44,5.0,1,0,0
57,generic,18,23.0,1,3,500
57,edf,53,0.0,2,0,0
57,feasible,53,17.0,2,0,0
57,credit,53,11.0,2,0,0
58,generic,43,20.0,1,1,100
58,edf,33,0.0,1,0,0
58,feasible,43,15.0,1,0,0
58,credit,43,18.0,1,0,0
59,generic,10,41.0,0,4,550
59,edf,59,0.0,1,0,0
59,feasible,59,0.0,1,0,0
59,credit,59,0.0,1,0,0
60,generic,30,20.0,1,2,200
60,edf,50,0.0,1,0,0
60,feasible,50,6.0,1,0,0
60,credit,50,6.0,1,0,0
61,generic,0,43.0,0,4,600
61,edf,38,0.0,1,0,0
61,feasible,38,7.0,1,0,0
61,credit,38,2.0,1,0,0
62,generic,44,0.0,1,1,150
62,edf,44,0.0,1,0,0
62,feasible,44,15.0,1,0,0
62,credit,43,12.0,2,0,0
63,generic,36,30.0,1,3,400
63,edf,71,0.0,1,0,0
63,feasible,71,0.0,1,0,0
63,credit,71,0.0,1,0,0
64,generic,0,14.0,0,4,550
64,edf,23,0.0,2,0,0
64,feasible,23,0.0,2,0,0
64,credit,23,0.0,2,0,0
65,generic,37,0.0,0,2,300
65,edf,50,0.0,1,0,0
65,feasible,55,15.0,1,0,0
65,credit,55,15.0,1,0,0
66,generic,25,4.0,1,3,350
66,edf,46,0.0,2,0,0
66,feasible,46,13.0,2,0,0
66,credit,46,13.0,2,0,0
67,generic,0,0,0,6,600
67,edf,34,0.0,2,0,0
67,feasible,34,0.0,2,0,0
67,credit,34,0.0,2,0,0
68,generic,54,10.0,2,0,0
68,edf,45,0.0,2,0,0
68,feasible,54,10.0,2,0,0
68,credit,54,6.0,2,0,0
69,generic,24,5.0,1,1,200
69,edf,14,0.0,2,0,0
69,feasible,24,6.0,1,0,0
69,credit,24,6.0,1,0,0
70,generic,39,36.0,1,1,150
70,edf,36,0.0,1,0,0
70,feasible,51,22.0,2,0,0
70,credit,51,19.0,2,0,0
71,generic,62,0,1,1,50
71,edf,62,0.0,1,0,0
71,feasible,66,32.0,1,0,0
71,credit,66,26.0,2,0,0
72,generic,14,0,2,4,500
72,edf,46,0.0,2,0,0
72,feasible,55,23.0,1,0,0
72,credit,55,19.0,1,0,0
73,generic,17,20.0,0,3,450
73,edf,33,0.0,1,0,0
73,feasible,33,0.0,1,0,0
73,credit,33,0.0,1,0,0
74,generic,9,4.0,1,4,550
74,edf,40,0.0,1,0,0
74,feasible,47,13.0,2,0,0
74,credit,47,8.0,2,0,0
75,generic,58,20.0,2,0,0
75,edf,48,0.0,1,0,0
75,feasible,58,20.0,2,0,0
75,credit,58,14.0,2,0,0
76,generic,15,9.0,0,4,450
76,edf,39,0.0,0,0,0
76,feasible,39,0.0,0,0,0
76,credit,39,0.0,0,0,0
77,generic,14,4.0,0,4,450
77,edf,41,0.0,1,0,0
77,feasible,41,0.0,1,0,0
77,credit,41,0.0,1,0,0
78,generic,0,0.0,0,5,600
78,edf,12,0.0,1,0,0
78,feasible,28,4.0,2,0,0
78,credit,28,1.0,2,0,0
79,generic,28,17.0,2,2,350
79,edf,42,0.0,2,0,0
79,feasible,55,5.0,1,0,0
79,credit,55,8.0,1,0,0
80,generic,32,36.0,0,2,350
80,edf,52,0.0,0,0,0
80,feasible,52,2.0,0,0,0
80,credit,52,2.0,0,0,0
81,generic,2,36.0,0,3,500
81,edf,40,0.0,1,0,0
81,feasible,40,22.0,1,0,0
81,credit,40,25.0,1,0,0
82,generic,0,18.0,0,4,500
82,edf,36,0.0,1,0,0
82,feasible,36,5.0,1,0,0
82,credit,36,5.0,1,0,0
83,generic,28,12.0,1,1,200
83,edf,31,0.0,2,0,0
83,feasible,41,18.0,1,0,0
83,credit,40,18.0,2,0,0
84,generic,0,2.0,0,5,600
84,edf,16,0.0,0,0,0
84,feasible,16,4.0,0,0,0
84,credit,16,10.0,0,0,0
85,generic,33,10.0,1,3,350
85,edf,58,0.0,2,0,0
85,feasible,58,0.0,2,0,0
85,credit,58,0.0,2,0,0
86,generic,34,5.0,1,1,200
86,edf,34,0.0,1,0,0
86,feasible,45,2.0,2,0,0
86,credit,45,0.0,2,0,0
87,generic,18,12.0,0,4,500
87,edf,57,0.0,1,0,0
87,feasible,57,4.0,1,0,0
87,credit,57,7.0,1,0,0
88,generic,23,3.0,0,3,250
88,edf,53,0.0,1,0,0
88,feasible,53,0.0,1,0,0
88,credit,53,0.0,1,0,0
89,generic,6,2.0,0,4,450
89,edf,27,0.0,1,0,0
89,feasible,42,6.0,2,0,0
89,credit,42,2.0,2,0,0
90,generic,46,11.0,1,2,250
90,edf,49,0.0,1,0,0
90,feasible,49,1.0,1,0,0
90,credit,49,1.0,1,0,0
91,generic,0,3.0,0,5,550
91,edf,39,0.0,1,0,0
91,feasible,46,33.0,2,0,0
91,credit,46,27.0,2,0,0
92,generic,67,28.0,1,0,0
92,edf,60,0.0,1,0,0
92,feasible,67,21.0,1,0,0
92,credit,67,21.0,1,0,0
93,generic,10,5.0,0,2,350
93,edf,11,0.0,1,0,0
93,feasible,30,2.0,1,0,0
93,credit,30,5.0,1,0,0
94,generic,4,15.0,1,3,500
94,edf,18,0.0,2,0,0
94,feasible,18,5.0,2,0,0
94,credit,18,1.0,2,0,0
95,generic,0,27.0,0,4,600
95,edf,17,0.0,0,0,0
95,feasible,23,11.0,0,0,0
95,credit,23,11.0,0,0,0
96,generic,0,44.0,0,4,550
96,edf,29,0.0,1,0,0
96,feasible,38,23.0,1,0,0
96,credit,38,23.0,1,0,0
97,generic,36,5.0,0,2,300
97,edf,37,0.0,1,0,0
97,feasible,45,10.0,1,0,0
97,credit,45,13.0,1,0,0
98,generic,0,20.0,0,4,600
98,edf,24,0.0,1,0,0
98,feasible,37,4.0,1,0,0
98,credit,37,2.0,1,0,0
99,generic,4,5.0,1,4,450
99,edf,27,0.0,1,0,0
99,feasible,38,14.0,0,0,0
99,credit,38,26.0,0,0,0
100,generic,0,10.0,0,4,600
100,edf,25,0.0,1,0,0
100,feasible,37,4.0,1,0,0
100,credit,37,2.0,1,0,0
101,generic,0,37.0,0,4,600
101,edf,31,0.0,0,0,0
101,feasible,31,18.0,0,0,0
101,credit,31,21.0,0,0,0
102,generic,43,6.0,1,1,150
102,edf,44,0.0,1,0,0
102,feasible,44,0.0,1,0,0
102,credit,44,0.0,1,0,0
103,generic,38,18.0,0,1,150
103,edf,28,0.0,1,0,0
103,feasible,42,27.0,0,0,0
103,credit,42,27.0,0,0,0
104,generic,9,16.0,0,3,500
104,edf,28,0.0,2,0,0
104,feasible,31,8.0,1,0,0
104,credit,31,11.0,1,0,0
105,generic,8,24.0,0,2,350
105,edf,16,0.0,1,0,0
105,feasible,17,16.0,0,0,0
105,credit,17,13.0,1,0,0
106,generic,15,25.0,0,4,350
106,edf,41,0.0,1,0,0
106,feasible,41,10.0,1,0,0
106,credit,41,6.0,1,0,0
107,generic,39,13.0,0,2,300
107,edf,46,0.0,1,0,0
107,feasible,46,0.0,1,0,0
107,credit,46,0.0,1,0,0
108,generic,35,6.0,2,3,400
108,edf,50,0.0,2,0,0
108,feasible,50,0.0,2,0,0
108,credit,50,0.0,2,0,0
109,generic,19,0,2,3,300
109,edf,50,0.0,2,0,0
109,feasible,57,9.0,1,0,0
109,credit,57,12.0,1,0,0
110,generic,22,8.0,1,2,400
110,edf,33,0.0,1,0,0
110,feasible,33,0.0,1,0,0
110,credit,33,0.0,1,0,0
111,generic,10,15.0,0,4,500
111,edf,51,0.0,1,0,0
111,feasible,51,0.0,1,0,0
111,credit,51,0.0,1,0,0
112,generic,20,24.0,0,4,400
112,edf,22,0.0,1,0,0
112,feasible,22,19.0,1,0,0
112,credit,21,17.0,2,0,0
113,generic,38,12.0,1,1,200
113,edf,38,0.0,1,0,0
113,feasible,42,18.0,0,0,0
113,credit,42,24.0,0,0,0
114,generic,0,19.0,0,5,600
114,edf,39,0.0,2,0,0
114,feasible,39,0.0,2,0,0
114,credit,39,0.0,2,0,0
115,generic,26,0,1,4,400
115,edf,50,0.0,1,0,0
115,feasible,50,0.0,1,0,0
115,credit,50,0.0,1,0,0
116,generic,0,10.0,0,5,550
116,edf,35,0.0,2,0,0
116,feasible,35,0.0,2,0,0
116,credit,35,0.0,2,0,0
117,generic,0,20.0,0,5,600
117,edf,30,0.0,0,0,0
117,feasible,40,24.0,0,0,0
117,credit,40,24.0,0,0,0
118,generic,0,29.0,0,5,550
118,edf,44,0.0,2,0,0
118,feasible,44,0.0,2,0,0
118,credit,44,0.0,2,0,0
119,generic,0,16.0,0,4,600
119,edf,10,0.0,1,0,0
119,feasible,10,0.0,1,0,0
119,credit,10,0.0,1,0,0
120,generic,4,5.0,0,4,300
120,edf,43,0.0,1,0,0
120,feasible,43,0.0,1,0,0
120,credit,43,0.0,1,0,0
121,generic,16,10.0,1,2,250
121,edf,32,0.0,1,0,0
121,feasible,50,2.0,2,0,0
121,credit,50,1.0,2,0,0
122,generic,46,0,1,1,50
122,edf,46,0.0,1,0,0
122,feasible,48,12.0,2,0,0
122,credit,48,9.0,2,0,0
123,generic,58,16.0,2,0,0
123,edf,58,0.0,2,0,0
123,feasible,58,16.0,2,0,0
123,credit,58,10.0,2,0,0
124,generic,37,15.0,1,2,250
124,edf,54,0.0,2,0,0
124,feasible,59,15.0,1,0,0
124,credit,59,21.0,1,0,0
125,generic,43,6.0,1,1,150
125,edf,45,0.0,1,0,0
125,feasible,45,0.0,1,0,0
125,credit,45,0.0,1,0,0
126,generic,67,0,2,0,0
126,edf,67,0.0,2,0,0
126,feasible,67,0,2,0,0
126,credit,67,0,2,0,0
127,generic,58,0,2,1,150
127,edf,58,0.0,2,0,0
127,feasible,70,30.0,2,0,0
127,credit,70,24.0,2,0,0
128,generic,28,18.0,1,1,150
128,edf,34,0.0,2,0,0
128,feasible,34,0.0,2,0,0
128,credit,34,0.0,2,0,0
129,generic,20,40.0,0,2,300
129,edf,30,0.0,1,0,0
129,feasible,31,30.0,0,0,0
129,credit,31,27.0,1,0,0
130,generic,44,4.0,2,0,0
130,edf,16,0.0,1,0,0
130,feasible,44,0.0,2,0,0
130,credit,44,0.0,2,0,0
131,generic,5,15.0,0,4,400
131,edf,40,0.0,1,0,0
131,feasible,40,0.0,1,0,0
131,credit,40,0.0,1,0,0
132,generic,25,0,1,3,350
132,edf,31,0.0,2,0,0
132,feasible,31,3.0,2,0,0
132,credit,31,3.0,2,0,0
133,generic,0,18.0,0,3,500
133,edf,6,0.0,0,0,0
133,feasible,7,2.0,1,0,0
133,credit,7,0.0,1,0,0
134,generic,66,6.0,2,0,0
134,edf,58,0.0,2,0,0
134,feasible,66,4.0,2,0,0
134,credit,66,2.0,2,0,0
135,generic,23,38.0,0,2,400
135,edf,25,0.0,0,0,0
135,feasible,40,6.0,0,0,0
135,credit,40,6.0,0,0,0
136,generic,0,41.0,0,5,600
136,edf,48,0.0,1,0,0
136,feasible,48,5.0,1,0,0
136,credit,48,5.0,1,0,0
137,generic,0,30.0,0,3,600
137,edf,19,0.0,1,0,0
137,feasible,22,16.0,1,0,0
137,credit,22,13.0,1,0,0
138,generic,9,27.0,0,3,450
138,edf,22,0.0,1,0,0
138,feasible,22,9.0,1,0,0
138,credit,22,6.0,1,0,0
139,generic,63,37.0,2,0,0
139,edf,63,0.0,2,0,0
139,feasible,63,5.0,2,0,0
139,credit,63,2.0,2,0,0
140,generic,0,1.0,0,5,600
140,edf,21,0.0,1,0,0
140,feasible,21,0.0,1,0,0
140,credit,21,0.0,1,0,0
141,generic,0,28.0,0,4,600
141,edf,31,0.0,1,0,0
141,feasible,31,0.0,1,0,0
141,credit,31,0.0,1,0,0
142,generic,13,16.0,1,3,500
142,edf,10,0.0,1,0,0
142,feasible,28,6.0,1,0,0
142,credit,28,6.0,1,0,0
143,generic,14,0.0,0,4,500
143,edf,20,0.0,0,0,0
143,feasible,30,3.0,1,0,0
143,credit,30,1.0,1,0,0
144,generic,43,15.0,1,0,0
144,edf,43,0.0,1,0,0
144,feasible,43,15.0,1,0,0
144,credit,43,9.0,2,0,0
145,generic,0,16.0,0,4,600
145,edf,18,0.0,2,0,0
145,feasible,18,0.0,2,0,0
145,credit,18,0.0,2,0,0
146,generic,62,25.0,2,0,0
146,edf,48,0.0,2,0,0
146,feasible,62,25.0,2,0,0
146,credit,62,19.0,2,0,0
147,generic,0,4.0,0,5,600
147,edf,42,0.0,1,0,0
147,feasible,42,0.0,1,0,0
147,credit,42,0.0,1,0,0
148,generic,0,22.0,0,4,550
148,edf,32,0.0,2,0,0
148,feasible,35,12.0,1,0,0
148,credit,35,18.0,1,0,0
149,generic,55,6.0,2,1,200
149,edf,45,0.0,2,0,0
149,feasible,66,24.0,1,0,0
149,credit,66,33.0,1,0,0
150,generic,26,4.0,1,3,250
150,edf,42,0.0,2,0,0
150,feasible,49,2.0,2,0,0
150,credit,49,2.0,2,0,0
151,generic,0,6.0,0,5,550
151,edf,32,0.0,2,0,0
151,feasible,32,0.0,2,0,0
151,credit,32,0.0,2,0,0
152,generic,13,33.0,0,3,350
152,edf,47,0.0,1,0,0
152,feasible,47,8.0,1,0,0
152,credit,47,11.0,1,0,0
153,generic,46,5.0,0,2,300
153,edf,46,0.0,0,0,0
153,feasible,48,26.0,1,0,0
153,credit,48,23.0,1,0,0
154,generic,13,2.0,0,3,400
154,edf,28,0.0,0,0,0
154,feasible,39,8.0,1,0,0
154,credit,39,5.0,1,0,0
155,generic,8,0,1,5,550
155,edf,30,0.0,2,0,0
155,feasible,30,9.0,2,0,0
155,credit,30,9.0,2,0,0
156,generic,0,0,0,6,600
156,edf,41,0.0,2,0,0
156,feasible,41,3.0,2,0,0
156,credit,41,3.0,2,0,0
157,generic,0,0,0,6,500
157,edf,40,0.0,2,0,0
157,feasible,40,0.0,2,0,0
157,credit,40,0.0,2,0,0
158,generic,27,0,1,3,250
158,edf,46,0.0,1,0,0
158,feasible,52,6.0,1,0,0
158,credit,52,9.0,1,0,0
159,generic,0,37.0,0,4,600
159,edf,30,0.0,1,0,0
159,feasible,33,14.0,1,0,0
159,credit,33,14.0,1,0,0
160,generic,3,6.0,1,3,450
160,edf,25,0.0,1,0,0
160,feasible,41,2.0,1,0,0
160,credit,41,2.0,1,0,0
161,generic,55,6.0,2,0,0
161,edf,55,0.0,2,0,0
161,feasible,55,0.0,2,0,0
161,credit,55,0.0,2,0,0
162,generic,66,5.0,2,0,0
162,edf,51,0.0,1,0,0
162,feasible,66,3.0,2,0,0
162,credit,66,2.0,2,0,0
163,generic,8,14.0,0,4,500
163,edf,36,0.0,1,0,0
163,feasible,43,6.0,1,0,0
163,credit,43,6.0,1,0,0
164,generic,43,33.0,1,0,0
164,edf,42,0.0,0,0,0
164,feasible,43,11.0,1,0,0
164,credit,43,8.0,1,0,0
165,generic,0,10.0,0,5,600
165,edf,29,0.0,2,0,0
165,feasible,29,0.0,2,0,0
165,credit,29,0.0,2,0,0
166,generic,50,35.0,1,1,200
166,edf,61,0.0,2,0,0
166,feasible,66,31.0,2,0,0
166,credit,66,25.0,2,0,0
167,generic,0,52.0,0,5,600
167,edf,55,0.0,2,0,0
167,feasible,55,0.0,2,0,0
167,credit,55,0.0,2,0,0
168,generic,0,41.0,0,5,600
168,edf,47,0.0,0,0,0
168,feasible,47,0.0,0,0,0
168,credit,47,0.0,0,0,0
169,generic,32,2.0,2,2,250
169,edf,47,0.0,2,0,0
169,feasible,47,1.0,2,0,0
169,credit,47,1.0,2,0,0
170,generic,0,11.0,0,4,550
170,edf,24,0.0,1,0,0
170,feasible,24,7.0,1,0,0
170,credit,24,4.0,1,0,0
171,generic,0,32.0,0,4,550
171,edf,44,0.0,1,0,0
171,feasible,44,16.0,1,0,0
171,credit,44,16.0,1,0,0
172,generic,0,20.0,0,5,600
172,edf,24,0.0,1,0,0
172,feasible,24,0.0,1,0,0
172,credit,24,0.0,1,0,0
173,generic,0,30.0,0,4,600
173,edf,42,0.0,1,0,0
173,feasible,42,0.0,1,0,0
173,credit,42,0.0,1,0,0
174,generic,10,32.0,0,3,450
174,edf,33,0.0,0,0,0
174,feasible,33,3.0,0,0,0
174,credit,33,7.0,0,0,0
175,generic,36,15.0,1,1,200
175,edf,36,0.0,1,0,0
175,feasible,47,10.0,1,0,0
175,credit,47,10.0,1,0,0
176,generic,31,0,0,3,250
176,edf,50,0.0,1,0,0
176,feasible,54,15.0,1,0,0
176,credit,54,22.0,1,0,0
177,generic,0,10.0,0,4,550
177,edf,13,0.0,2,0,0
177,feasible,20,2.0,1,0,0
177,credit,20,5.0,1,0,0
178,generic,44,0,1,2,200
178,edf,60,0.0,1,0,0
178,feasible,60,0.0,1,0,0
178,credit,60,0.0,1,0,0
179,generic,12,2.0,1,3,450
179,edf,37,0.0,1,0,0
179,feasible,37,3.0,1,0,0
179,credit,37,3.0,1,0,0
180,generic,0,22.0,0,4,600
180,edf,21,0.0,1,0,0
180,feasible,21,7.0,1,0,0
180,credit,21,7.0,1,0,0
181,generic,0,60.0,0,5,550
181,edf,43,0.0,2,0,0
181,feasible,43,15.0,2,0,0
181,credit,43,15.0,2,0,0
182,generic,69,28.0,1,0,0
182,edf,69,0.0,1,0,0
182,feasible,69,0.0,1,0,0
182,credit,69,0.0,1,0,0
183,generic,19,38.0,0,3,500
183,edf,33,0.0,1,0,0
183,feasible,33,20.0,1,0,0
183,credit,33,19.0,1,0,0
184,generic,12,16.0,1,2,300
184,edf,18,0.0,1,0,0
184,feasible,28,10.0,1,0,0
184,credit,28,7.0,1,0,0
185,generic,15,45.0,0,3,550
185,edf,35,0.0,0,0,0
185,feasible,39,33.0,1,0,0
185,credit,37,27.0,2,0,0
186,generic,31,4.0,2,1,150
186,edf,31,0.0,2,0,0
186,feasible,32,18.0,1,0,0
186,credit,31,16.0,2,0,0
187,generic,48,12.0,2,0,0
187,edf,48,0.0,2,0,0
187,feasible,48,8.0,2,0,0
187,credit,48,4.0,2,0,0
188,generic,24,6.0,1,3,350
188,edf,26,0.0,1,0,0
188,feasible,38,8.0,1,0,0
188,credit,38,8.0,1,0,0
189,generic,0,19.0,0,4,550
189,edf,20,0.0,0,0,0
189,feasible,37,22.0,0,0,0
189,credit,37,22.0,0,0,0
190,generic,23,40.0,1,2,350
190,edf,40,0.0,1,0,0
190,feasible,42,23.0,0,0,0
190,credit,42,21.0,1,0,0
191,generic,11,5.0,1,3,300
191,edf,28,0.0,1,0,0
191,feasible,32,10.0,1,0,0
191,credit,32,10.0,1,0,0
192,generic,0,0,0,6,600
192,edf,59,0.0,1,0,0
192,feasible,59,0.0,1,0,0
192,credit,59,0.0,1,0,0
193,generic,19,34.0,0,3,550
193,edf,36,0.0,0,0,0
193,feasible,36,7.0,0,0,0
193,credit,36,11.0,0,0,0
194,generic,67,6.0,2,0,0
194,edf,67,0.0,2,0,0
194,feasible,67,0.0,2,0,0
194,credit,67,0.0,2,0,0
195,generic,15,1.0,0,4,550
195,edf,56,0.0,1,0,0
195,feasible,56,0.0,1,0,0
195,credit,56,0.0,1,0,0
196,generic,0,4.0,0,5,550
196,edf,33,0.0,1,0,0
196,feasible,33,4.0,1,0,0
196,credit,33,1.0,1,0,0
197,generic,52,5.0,1,2,300
197,edf,53,0.0,1,0,0
197,feasible,67,1.0,2,0,0
197,credit,67,0.0,2,0,0
198,generic,22,5.0,0,3,300
198,edf,36,0.0,0,0,0
198,feasible,52,8.0,2,0,0
198,credit,52,4.0,2,0,0
199,generic,61,0,2,2,200
199,edf,61,0.0,2,0,0
199,feasible,61,0.0,2,0,0
199,credit,61,0.0,2,0,0
200,generic,9,6.0,0,4,500
200,edf,30,0.0,1,0,0
200,feasible,30,18.0,0,0,0
200,credit,30,15.0,1,0,0
201,generic,32,11.0,0,2,300
201,edf,46,0.0,1,0,0
201,feasible,46,5.0,1,0,0
201,credit,46,5.0,1,0,0
202,generic,0,33.0,0,3,500
202,edf,29,0.0,1,0,0
202,feasible,29,2.0,1,0,0
202,credit,29,5.0,1,0,0
203,generic,0,8.0,0,5,600
203,edf,20,0.0,1,0,0
203,feasible,20,0.0,1,0,0
203,credit,20,0.0,1,0,0
204,generic,35,40.0,0,2,300
204,edf,43,0.0,1,0,0
204,feasible,53,8.0,1,0,0
204,credit,53,8.0,1,0,0
205,generic,16,24.0,0,3,300
205,edf,24,0.0,1,0,0
205,feasible,24,0.0,1,0,0
205,credit,24,0.0,1,0,0
206,generic,0,21.0,0,4,600
206,edf,26,0.0,1,0,0
206,feasible,26,11.0,1,0,0
206,credit,26,4.0,1,0,0
207,generic,0,8.0,0,5,550
207,edf,37,0.0,2,0,0
207,feasible,37,4.0,2,0,0
207,credit,37,0.0,2,0,0
208,generic,47,9.0,1,1,200
208,edf,47,0.0,1,0,0
208,feasible,47,12.0,1,0,0
208,credit,47,9.0,1,0,0
209,generic,16,15.0,1,3,350
209,edf,37,0.0,1,0,0
209,feasible,39,10.0,1,0,0
209,credit,39,10.0,1,0,0
210,generic,0,18.0,0,4,600
210,edf,31,0.0,0,0,0
210,feasible,31,11.0,0,0,0
210,credit,31,8.0,1,0,0
211,generic,0,22.0,0,4,600
211,edf,24,0.0,2,0,0
211,feasible,36,16.0,1,0,0
211,credit,36,10.0,2,0,0
212,generic,66,0,2,0,0
212,edf,66,0.0,2,0,0
212,feasible,66,0,2,0,0
212,credit,66,0,2,0,0
213,generic,0,21.0,0,4,550
213,edf,24,0.0,1,0,0
213,feasible,24,10.0,1,0,0
213,credit,24,10.0,1,0,0
214,generic,36,48.0,0,2,350
214,edf,51,0.0,0,0,0
214,feasible,51,8.0,0,0,0
214,credit,51,8.0,0,0,0
215,generic,27,0,0,4,350
215,edf,35,0.0,0,0,0
215,feasible,46,18.0,1,0,0
215,credit,46,15.0,1,0,0
216,generic,0,0,0,6,550
216,edf,47,0.0,0,0,0
216,feasible,47,10.0,0,0,0
216,credit,47,16.0,0,0,0
217,generic,0,0,0,6,450
217,edf,28,0.0,1,0,0
217,feasible,32,6.0,2,0,0
217,credit,32,3.0,2,0,0
218,generic,52,48.0,1,0,0
218,edf,39,0.0,0,0,0
218,feasible,52,32.0,1,0,0
218,credit,52,29.0,1,0,0
219,generic,0,18.0,0,4,550
219,edf,37,0.0,1,0,0
219,feasible,37,0.0,1,0,0
219,credit,37,0.0,1,0,0
220,generic,63,0,2,0,0
220,edf,63,0.0,2,0,0
220,feasible,63,0,2,0,0
220,credit,63,0,2,0,0
221,generic,14,3.0,1,4,400
221,edf,45,0.0,2,0,0
221,feasible,45,3.0,2,0,0
221,credit,45,2.0,2,0,0
222,generic,0,8.0,0,4,600
222,edf,38,0.0,0,0,0
222,feasible,38,28.0,0,0,0
222,credit,38,25.0,1,0,0
223,generic,0,32.0,0,4,600
223,edf,48,0.0,0,0,0
223,feasible,48,5.0,0,0,0
223,credit,48,8.0,0,0,0
224,generic,18,42.0,0,3,450
224,edf,49,0.0,1,0,0
224,feasible,58,24.0,2,0,0
224,credit,58,18.0,2,0,0
225,generic,0,29.0,0,3,550
225,edf,24,0.0,2,0,0
225,feasible,24,19.0,2,0,0
225,credit,24,13.0,2,0,0
226,generic,17,4.0,1,4,450
226,edf,36,0.0,1,0,0
226,feasible,48,31.0,0,0,0
226,credit,46,31.0,1,0,0
227,generic,0,18.0,0,4,600
227,edf,18,0.0,1,0,0
227,feasible,25,13.0,1,0,0
227,credit,25,13.0,1,0,0
228,generic,19,0,0,3,250
228,edf,28,0.0,0,0,0
228,feasible,45,2.0,2,0,0
228,credit,45,0.0,2,0,0
229,generic,59,8.0,2,1,100
229,edf,59,0.0,2,0,0
229,feasible,66,17.0,1,0,0
229,credit,66,25.0,1,0,0
230,generic,45,12.0,1,1,200
230,edf,49,0.0,2,0,0
230,feasible,49,22.0,2,0,0
230,credit,49,22.0,2,0,0
231,generic,25,15.0,0,2,200
231,edf,26,0.0,0,0,0
231,feasible,30,2.0,0,0,0
231,credit,30,8.0,0,0,0
232,generic,27,29.0,1,2,250
232,edf,38,0.0,2,0,0
232,feasible,51,5.0,1,0,0
232,credit,51,8.0,1,0,0
233,generic,50,35.0,0,2,350
233,edf,70,0.0,1,0,0
233,feasible,70,0.0,1,0,0
233,credit,70,0.0,1,0,0
234,generic,0,16.0,0,5,600
234,edf,45,0.0,1,0,0
234,feasible,45,0.0,1,0,0
234,credit,45,0.0,1,0,0
235,generic,15,32.0,1,4,450
235,edf,47,0.0,1,0,0
235,feasible,47,0.0,1,0,0
235,credit,47,0.0,1,0,0
236,generic,36,6.0,1,3,500
236,edf,42,0.0,1,0,0
236,feasible,48,24.0,1,0,0
236,credit,46,23.0,2,0,0
237,generic,0,8.0,0,5,600
237,edf,44,0.0,1,0,0
237,feasible,53,30.0,1,0,0
237,credit,51,30.0,2,0,0
238,generic,22,0,1,4,400
238,edf,54,0.0,2,0,0
238,feasible,54,6.0,2,0,0
238,credit,54,6.0,2,0,0
239,generic,43,22.0,1,1,200
239,edf,46,0.0,1,0,0
239,feasible,46,7.0,1,0,0
239,credit,46,10.0,1,0,0
240,generic,19,21.0,0,3,550
240,edf,39,0.0,1,0,0
240,feasible,39,0.0,1,0,0
240,credit,39,0.0,1,0,0
241,generic,0,40.0,0,5,600
241,edf,43,0.0,2,0,0
241,feasible,52,18.0,1,0,0
241,credit,52,19.0,1,0,0
242,generic,12,0,0,4,500
242,edf,26,0.0,1,0,0
242,feasible,26,0.0,1,0,0
242,credit,26,0.0,1,0,0
243,generic,46,0,1,2,300
243,edf,63,0.0,1,0,0
243,feasible,63,1.0,1,0,0
243,credit,63,4.0,1,0,0
244,generic,22,0,1,2,150
244,edf,24,0.0,2,0,0
244,feasible,30,8.0,2,0,0
244,credit,30,6.0,2,0,0
245,generic,76,15.0,2,0,0
245,edf,76,0.0,2,0,0
245,feasible,76,0.0,2,0,0
245,credit,76,0.0,2,0,0
246,generic,1,6.0,0,3,500
246,edf,34,0.0,1,0,0
246,feasible,34,0.0,1,0,0
246,credit,34,0.0,1,0,0
247,generic,50,10.0,1,2,300
247,edf,68,0.0,1,0,0
247,feasible,68,12.0,1,0,0
247,credit,68,12.0,1,0,0
248,generic,15,34.0,1,3,500
248,edf,58,0.0,1,0,0
248,feasible,58,0.0,1,0,0
248,credit,58,0.0,1,0,0
249,generic,34,0,1,3,250
249,edf,52,0.0,1,0,0
249,feasible,52,0.0,1,0,0
249,credit,52,0.0,1,0,0
250,generic,33,17.0,1,1,200
250,edf,36,0.0,1,0,0
250,feasible,36,0.0,1,0,0
250,credit,36,0.0,1,0,0
251,generic,1,1.0,0,4,500
251,edf,38,0.0,1,0,0
251,feasible,54,3.0,2,0,0
251,credit,54,1.0,2,0,0
252,generic,0,0,0,6,550
252,edf,34,0.0,1,0,0
252,feasible,34,11.0,1,0,0
252,credit,32,10.0,2,0,0
253,generic,0,4.0,0,5,550
253,edf,42,0.0,2,0,0
253,feasible,42,0.0,2,0,0
253,credit,42,0.0,2,0,0
254,generic,10,0,0,5,500
254,edf,64,0.0,1,0,0
254,feasible,64,0.0,1,0,0
254,credit,64,0.0,1,0,0
255,generic,59,10.0,1,1,200
255,edf,66,0.0,2,0,0
255,feasible,66,18.0,2,0,0
255,credit,66,15.0,2,0,0
256,generic,26,9.0,1,3,300
256,edf,52,0.0,0,0,0
256,feasible,52,24.0,0,0,0
256,credit,51,25.0,1,0,0
257,generic,38,25.0,1,2,400
257,edf,38,0.0,1,0,0
257,feasible,38,32.0,1,0,0
257,credit,38,29.0,1,0,0
258,generic,0,18.0,0,4,600
258,edf,27,0.0,2,0,0
258,feasible,27,0.0,2,0,0
258,credit,27,0.0,2,0,0
259,generic,0,12.0,0,4,600
259,edf,34,0.0,2,0,0
259,feasible,38,16.0,1,0,0
259,credit,38,19.0,1,0,0
260,generic,52,6.0,1,1,200
260,edf,54,0.0,2,0,0
260,feasible,55,51.0,1,0,0
260,credit,54,44.0,2,0,0
261,generic,56,0,2,0,0
261,edf,56,0.0,2,0,0
261,feasible,56,0,2,0,0
261,credit,56,0,2,0,0
262,generic,18,12.0,0,4,500
262,edf,49,0.0,0,0,0
262,feasible,49,6.0,0,0,0
262,credit,49,9.0,0,0,0
263,generic,2,0,1,5,450
263,edf,22,0.0,2,0,0
263,feasible,48,10.0,0,0,0
263,credit,48,16.0,0,0,0
264,generic,7,9.0,1,4,550
264,edf,16,0.0,1,0,0
264,feasible,16,0.0,1,0,0
264,credit,16,0.0,1,0,0
265,generic,17,10.0,1,4,550
265,edf,37,0.0,2,0,0
265,feasible,37,12.0,2,0,0
265,credit,37,9.0,2,0,0
266,generic,11,5.0,0,4,500
266,edf,49,0.0,1,0,0
266,feasible,65,3.0,1,0,0
266,credit,65,9.0,1,0,0
267,generic,0,9.0,0,5,550
267,edf,29,0.0,0,0,0
267,feasible,36,24.0,1,0,0
267,credit,36,21.0,1,0,0
268,generic,0,28.0,0,4,600
268,edf,30,0.0,1,0,0
268,feasible,34,11.0,0,0,0
268,credit,34,14.0,0,0,0
269,generic,18,0.0,0,4,550
269,edf,12,0.0,1,0,0
269,feasible,44,0.0,1,0,0
269,credit,44,0.0,1,0,0
270,generic,35,52.0,1,2,400
270,edf,69,0.0,2,0,0
270,feasible,69,5.0,2,0,0
270,credit,69,1.0,2,0,0
271,generic,23,16.0,0,3,400
271,edf,23,0.0,0,0,0
271,feasible,34,6.0,2,0,0
271,credit,34,0.0,2,0,0
272,generic,15,12.0,0,4,550
272,edf,27,0.0,1,0,0
272,feasible,35,8.0,2,0,0
272,credit,35,5.0,2,0,0
273,generic,11,6.0,1,2,300
273,edf,23,0.0,2,0,0
273,feasible,23,4.0,2,0,0
273,credit,23,1.0,2,0,0
274,generic,0,0,0,6,500
274,edf,44,0.0,2,0,0
274,feasible,44,0.0,2,0,0
274,credit,44,0.0,2,0,0
275,generic,55,26.0,0,1,100
275,edf,44,0.0,1,0,0
275,feasible,55,28.0,0,0,0
275,credit,55,40.0,0,0,0
276,generic,18,4.0,1,3,450
276,edf,36,0.0,1,0,0
276,feasible,36,4.0,1,0,0
276,credit,36,7.0,1,0,0
277,generic,24,22.0,1,2,300
277,edf,26,0.0,1,0,0
277,feasible,32,24.0,1,0,0
277,credit,32,21.0,1,0,0
278,generic,36,20.0,2,2,350
278,edf,50,0.0,2,0,0
278,feasible,52,14.0,2,0,0
278,credit,52,14.0,2,0,0
279,generic,0,26.0,0,4,600
279,edf,33,0.0,1,0,0
279,feasible,33,0.0,1,0,0
279,credit,33,0.0,1,0,0
280,generic,0,8.0,0,5,550
280,edf,47,0.0,1,0,0
280,feasible,47,13.0,1,0,0
280,credit,47,13.0,1,0,0
281,generic,0,48.0,0,5,600
281,edf,56,0.0,1,0,0
281,feasible,56,1.0,1,0,0
281,credit,56,0.0,1,0,0
282,generic,30,24.0,1,1,150
282,edf,26,0.0,1,0,0
282,feasible,39,15.0,1,0,0
282,credit,39,15.0,1,0,0
283,generic,1,6.0,1,4,500
283,edf,39,0.0,2,0,0
283,feasible,39,3.0,2,0,0
283,credit,39,3.0,2,0,0
284,generic,46,35.0,1,2,300
284,edf,53,0.0,1,0,0
284,feasible,63,24.0,1,0,0
284,credit,63,27.0,1,0,0
285,generic,21,10.0,1,2,250
285,edf,35,0.0,2,0,0
285,feasible,35,0.0,2,0,0
285,credit,35,0.0,2,0,0
286,generic,29,28.0,1,2,300
286,edf,37,0.0,2,0,0
286,feasible,43,28.0,2,0,0
286,credit,43,25.0,2,0,0
287,generic,8,5.0,0,4,550
287,edf,29,0.0,0,0,0
287,feasible,38,24.0,0,0,0
287,credit,38,24.0,0,0,0
288,generic,7,8.0,0,3,450
288,edf,20,0.0,0,0,0
288,feasible,32,14.0,1,0,0
288,credit,32,11.0,1,0,0
289,generic,28,25.0,0,2,350
289,edf,44,0.0,1,0,0
289,feasible,44,0.0,1,0,0
289,credit,44,0.0,1,0,0
290,generic,16,29.0,0,4,450
290,edf,54,0.0,2,0,0
290,feasible,55,17.0,2,0,0
290,credit,55,17.0,2,0,0
291,generic,0,27.0,0,4,600
291,edf,44,0.0,1,0,0
291,feasible,55,9.0,1,0,0
291,credit,55,9.0,1,0,0
292,generic,16,11.0,0,3,400
292,edf,21,0.0,1,0,0
292,feasible,21,0.0,1,0,0
292,credit,21,0.0,1,0,0
293,generic,11,0,0,4,300
293,edf,40,0.0,2,0,0
293,feasible,40,0.0,2,0,0
293,credit,40,0.0,2,0,0
294,generic,0,10.0,0,4,600
294,edf,52,0.0,2,0,0
294,feasible,52,0.0,2,0,0
294,credit,52,0.0,2,0,0
295,generic,37,10.0,0,1,200
295,edf,40,0.0,2,0,0
295,feasible,40,0.0,2,0,0
295,credit,40,0.0,2,0,0
296,generic,11,9.0,1,3,400
296,edf,13,0.0,1,0,0
296,feasible,15,3.0,1,0,0
296,credit,15,3.0,1,0,0
297,generic,21,8.0,0,2,350
297,edf,39,0.0,1,0,0
297,feasible,39,2.0,1,0,0
297,credit,39,5.0,1,0,0
298,generic,36,6.0,0,2,250
298,edf,48,0.0,0,0,0
298,feasible,48,15.0,0,0,0
298,credit,48,23.0,0,0,0
299,generic,0,12.0,0,4,600
299,edf,13,0.0,0,0,0
299,feasible,13,10.0,0,0,0
299,credit,13,10.0,0,0,0
