reserve,credit,firm_value,revenue,entrant_slots,worker_reserved,opportunity_cost
0,0,19,12,0,0,0
0,1,19,14,0,0,0
0,2,19,16,0,0,0
0,3,19,18,0,0,0
0,4,16,14,1,0,3
0,5,16,13,1,0,3
0,6,16,12,1,0,3
0,7,16,11,1,0,3
0,8,16,10,1,0,3
0,9,16,9,1,0,3
0,10,16,9,1,0,3
0,11,16,9,1,0,3
0,12,16,9,1,0,3
1,0,10,9,0,1,0
1,1,10,9,0,1,0
1,2,10,9,0,1,0
1,3,10,9,0,1,0
1,4,10,10,0,1,0
1,5,6,5,1,1,4
1,6,6,4,1,1,4
1,7,6,3,1,1,4
1,8,6,2,1,1,4
1,9,6,1,1,1,4
1,10,6,0,1,1,4
1,11,6,0,1,1,4
1,12,6,0,1,1,4
2,0,0,0,0,2,0
2,1,0,0,0,2,0
2,2,0,0,0,2,0
2,3,0,0,0,2,0
2,4,0,0,0,2,0
2,5,0,0,0,2,0
2,6,0,0,0,2,0
2,7,0,0,0,2,0
2,8,0,0,0,2,0
2,9,0,0,0,2,0
2,10,0,0,0,2,0
2,11,0,0,0,2,0
2,12,0,0,0,2,0
